{
  "name": "AH+XJJ CM Training",
  "description": "We will be tackling the first two EoD Strike Missions on Challenge Mode:\n<:maitrin:954126378511527986> **Aetherblade Hideout CM**\n<:ankka:954126378473762866> **Xunlai Jade Junkyard CM**\n\nAny type of DPS works for both encounters, but ranged DPS classes like <:virtuoso:948585484165210162> **Power/Condi Virtuoso** , <:specter:948585463415992335> **Condi Specter**, <:scourge:763701209122471958> **Condi Scourge**, and <:harbinger:948585473645903903> **Condi Harbinger** tend to perform better for <:ankka:954126378473762866> **Xunlai Jade Junkyard**.\n\nFor <:maitrin:954126378511527986> **Aetherblade Hideout CM**, it is recommended to bring extra CC and projectile block/destruction.\nFor <:ankka:954126378473762866> **Xunlai Jade Junkyard CM**, bringing extra CC is also strongly recommended.\n\nLet me know if you have any questions!",
  "comp": [
    {
      "name": "<:dps:1176639819191951390> DPS",
      "requiredParticipants": 6
    },
    {
      "name": "<:quick_dps:1176639849156051014> Quick DPS",
      "requiredParticipants": 2
    },
    {
      "name": "<:alac_healer:1176639815282856017> Heal Alacrity",
      "requiredParticipants": 2
    }
  ],
  "duration": 3
}