{
  "name": "PoF Kill Run",
  "description": "Get yourself a spot for your weekly PoF clear.\n\n**⚠️ This is a Kill Run, so you should have defeated all the bosses before and be comfortable in performing your role. ⚠️**\n\n**Special jobs:**\n\n🟣 **DPS (Portal)**\n*W6:* Place `Mesmer Portals` at <:qadim:703930782649024573> **Qadim**.\n\n🟥 **DPS (Lamp)**\n*W6:* Do the `Lamp` on your own at <:qadim:703930782649024573> **Qadim**.\n\n🔺**DPS (Pylon)**\n*W7:* Do a `Pylon` at <:qadimthepeerless:703930782749818940> **Qadim the Peerless**.\n\n🔻 **DPS (Kiter + Pylon)**\n*W6:* Kite on <:qadim:703930782649024573> **Qadim**.\n*W7:* Do a `Pylon` at <:qadimthepeerless:703930782749818940> **Qadim the Peerless**.\n\n🩸 **DPS (Epidemic + Pylon)**\n*W5:* Use `Epidemic` to kill the `Tormented Dead` on <:soullesshorror:703930782841962557> **Soulless Horror**.\n*W7:* Do a `Pylon` at <:qadimthepeerless:703930782749818940> **Qadim the Peerless**.\n\n🟡 **DPS (CC + G1)**\n*W5:* Take `Green 1` at <:dhuum:703930782590304346> **Dhuum**.\n*W7* Kill the `Wisps` at <:sabir:703930783160860722> **Sabir** and CC the `Anomalies` at <:qadimthepeerless:703930782749818940> **Qadim the Peerless**.\n\n<:alac_healer:1176639815282856017> **Heal Alacrity (Tank + G3)**\n*W5:* Tank on <:soullesshorror:703930782841962557> **Soulless Horror** and <:dhuum:703930782590304346> **Dhuum**. Do `Green 3`.\n*W6:* Tank on <:largos:703930782275731498> **Twin Largos** and <:qadim:703930782649024573> **Qadim**.\n*W7:* Tank on <:adina:703930780610461806> **Adina** and <:qadimthepeerless:703930782749818940> **Qadim the Peerless**.\n\n🤎 **Heal Alacrity (Push + Kite + G2)**\n*W5:* Push `Tormented Dead` on <:soullesshorror:703930782841962557> **Soulless Horror** and take `Green 2` and kite the `Messengers` at <:dhuum:703930782590304346> **Dhuum**.\n\n<:quick_dps:1176639849156051014> **Quick DPS (Off-Tank )**\n*W5:* Tank on <:soullesshorror:703930782841962557> **Soulless Horror**. \n*W6:* Tank at <:largos:703930782275731498> **Twin Largos** and take a `Wyvern` at <:qadim:703930782649024573> **Qadim**.\n\nLet me know if you have any questions!",
  "comp": [
    {
      "name": "🟣 DPS (Portal)",
      "requiredParticipants": 1
    },
    {
      "name": "🟥 DPS (Lamp)",
      "requiredParticipants": 1
    },
    {
      "name": "🔺 DPS (Pylon)",
      "requiredParticipants": 1
    },
    {
      "name": "🔻 DPS (Kiter + Pylon)",
      "requiredParticipants": 1
    },
    {
      "name": "🩸 DPS (Epidemic + Pylon)",
      "requiredParticipants": 1
    },
    {
      "name": "🟡 DPS (CC + G1)",
      "requiredParticipants": 1
    },
    {
      "name": "<:alac_healer:1176639815282856017> Heal Alacrity (Tank + G3)",
      "requiredParticipants": 1
    },
    {
      "name": "🤎 Heal Alacrity (Push + Kite + G2)",
      "requiredParticipants": 1
    },
    {
      "name": "<:quick_dps:1176639849156051014> Quick DPS (Off-Tank)",
      "requiredParticipants": 1
    },
    {
      "name": "⚪ Quick DPS",
      "requiredParticipants": 1
    }
  ],
  "duration": 3
}