{
  "name": "HoT Kill",
  "description": "Get yourself a spot for your weekly HoT clear.\n\n**⚠️ This is a Kill Run so you should have defeated all bosses before and be comfortable on the roles that you sign up for. ⚠️**\n\n<:dps:1176639819191951390> **DPS** need to have a Power **and** Condi build!\n\n🤎 **Heal Alacrity**\n*W1:* Control Seeker on <:valeguardian:703930901997944833> **VG** and kite flak on <:sabetha:703930783320113192> **Sabetha**.\n*W3:* Push orb on <:keepconstruct:703930783223644200> **KC**.\n*W4:* Push and CC Rigom at <:samarog:703930783257329714> **Samarog**.\n\n<:alac_healer:1176639815282856017>  **Heal Alacrity (Tank)**\n*W1:* Tank on <:valeguardian:703930901997944833> **VG** and <:gorseval:703930783198347284> **Gorseval**.\n*W3:* Tank on <:keepconstruct:703930783223644200> **KC** and <:xera:703930902069117008> **Xera**.\n*W4:* Tank at <:deimos:703930783257067551> **Deimos**.\n\n<:quick_dps:1176639849156051014>  **Quick DPS Firebrand**\n*W2:* Bring stability for <:slothasor:703930783206998087> **Slothasor** and be the main reflect for <:matthias:703930783311593563> **Matthias**.\n\n🟣 **DPS (Tower)**\n*W3:* Portal the group up the Towers during <:escort:841311758147911742> **Escort**. Otherwise play DPS.\n\n🩸 **DPS (Handkiter)**\n*W4:* Kite the hands at <:deimos:703930783257067551> **Deimos**. Otherwise play DPS.\n\nLet me know if you have any questions!",
  "comp": [
    {
      "name": "<:dps:1176639819191951390> DPS",
      "requiredParticipants": 4
    },
    {
      "name": "🟣 DPS (Tower)",
      "requiredParticipants": 1
    },
    {
      "name": "🩸 DPS (Handkiter)",
      "requiredParticipants": 1
    },
    {
      "name": "<:alac_healer:1176639815282856017> Heal Alacrity (Tank)",
      "requiredParticipants": 1
    },
    {
      "name": "🤎 Heal Alacrity",
      "requiredParticipants": 1
    },
    {
      "name": "<:quick_dps:1176639849156051014> Quick DPS Firebrand",
      "requiredParticipants": 1
    },
    {
      "name": "⚪ Quick DPS",
      "requiredParticipants": 1
    }
  ],
  "duration": 3
}