{
  "name": "W7 Training",
  "description": "> *After the events in the Mystic Forge, Qadim has returned home to the Hidden City of Ahdashim to usurp a great power. Seek the Key and the cardinals for guidance into the hallowed city walls and stop Qadim from destroying not only the djinn, but also the natural balance of the world.*\n\nThis is the seventh raid wing which serves as a plot continuation of Wing 6. It is a beginner-friendly and medium difficulty wing. We will have four encounters:\n<:gate:756822812450226186> **Gate** - A trivially easy encounter that serves as a pre-event to the wing.\n<:adina:703930780610461806> **Cardinal Adina** - A medium difficulty boss that requires you to be quick on your feet.\n<:sabir:703930783160860722> **Cardinal Sabir** - A medium difficulty boss that requires a lot of CC.\n<:qadimthepeerless:703930782749818940> **Qadim the Peerless** - A fairly difficult, complicated boss where any kind of DPS works.\n\nThe <:alac_healer:1176639815282856017> **Heal Alacrity (Tank)** will be expected to tank on <:adina:703930780610461806> **Cardinal Adina** and <:qadimthepeerless:703930782749818940> **Qadim the Peerless**, and high toughness via gear such as `Minstrel's` or `Giver's` is strongly recommended.\n\nThe 🤎 **Heal Alacrity** will be expected to do the `Anomalies` mechanic on <:qadimthepeerless:703930782749818940> **Qadim the Peerless**, which requires a bit of ranged hard/soft CC.\n\nThe 🩸 **DPS (Pylon Kiter)** will be expected to do the `Pylon Kiting` mechanic on <:qadimthepeerless:703930782749818940> **Qadim the Peerless**. The only three builds that can reliably perform the role are <:scourge:763701209122471958> **[Condition Scourge](https://snowcrows.com/builds/necromancer/scourge/condition-scourge)**, <:virtuoso:948585484165210162> **[Condition Virtuoso](https://snowcrows.com/builds/mesmer/virtuoso/condition-virtuoso)**, and <:deadeye:818854511342780416> **[Rifle Deadeye](https://snowcrows.com/builds/thief/deadeye/kite-deadeye)**. Check our POVs in <#1053246449212739604> for a demonstration.\n\nLet me know if you have any questions!",
  "comp": [
    {
      "name": "<:dps:1176639819191951390> DPS",
      "requiredParticipants": 3
    },
    {
      "name": "🩸 DPS (Pylon Kiter)",
      "requiredParticipants": 3
    },
    {
      "name": "<:alac_healer:1176639815282856017> Heal Alacrity (Tank)",
      "requiredParticipants": 1
    },
    {
      "name": "🤎 Heal Alacrity",
      "requiredParticipants": 1
    },
    {
      "name": "<:quick_dps:1176639849156051014> Quick DPS",
      "requiredParticipants": 2
    }
  ],
  "duration": 3
}