{
  "name": "Wing 5 Training",
  "description": "This is the fifth raid wing which is commonly regarded as the most difficult raid wing in the game currently. We will have four encounters:\n<:soullesshorror:703930782841962557> **Soulless Horror**: A difficult first boss that heavily favours condi DPS.\n<:riverofsouls:703930782636572723> **River of Souls**: An easy encounter that favours having a few extra healers.\n<:brokenking:703930780539158599> **Statues of Grenth**: An easy set of three mini bosses.\n<:dhuum:703930782590304346> **Dhuum**: A very difficult boss that slightly favors condi DPS.\n\nThe ◻️ **Quick DPS (Tank @ SH)** will be expected to tank for <:soullesshorror:703930782841962557> **Soulless Horror**. High toughness is required, but otherwise come on a DPS build (`Trailblazer's` / `Seraph's` are good stat combos).\n\nThe 💚 **Heal Alacrity (Pusher + Kiter + G2)** will be expected to do the `Pushing` role on <:soullesshorror:703930782841962557> **Soulless Horror**. The recommended build is <:druid:763700489011068939> **Heal Druid**. It will also be expected to do the `Kiting` and `Greens` roles on <:dhuum:703930782590304346> **Dhuum**.\n\nThe <:alac_healer:1176639815282856017> **Heal Alacrity (Tank + G3)** will be expected to run high toughness to tank for both <:soullesshorror:703930782841962557> **Soulless Horror** and <:dhuum:703930782590304346> **Dhuum**. They will also be expected to do the `Greens` on <:dhuum:703930782590304346> **Dhuum**.\n\nThe 🔺 **DPS (G1)** will be expected to do the `Greens` role on <:dhuum:703930782590304346> **Dhuum**.\n\nThe ⚫ **Scourge (Epidemic)** will be expected to help with killing the `Tormented Dead` on <:soullesshorror:703930782841962557> **Soulless Horror**.\n\n**`IMPORTANT`**: If you are doing the `Greens` on <:dhuum:703930782590304346> **Dhuum**, then come prepared! There are guides showing how to practise it solo in the <#1053246449212739604> channel. You must be able to perform the mechanic reliably before joining the squad.\n\nLet me know if you have any questions!",
  "comp": [
    {
      "name": "<:dps:1176639819191951390> DPS",
      "requiredParticipants": 4
    },
    {
      "name": "🔺 DPS (G1)",
      "requiredParticipants": 1
    },
    {
      "name": "⚫ Scourge (Epidemic)",
      "requiredParticipants": 1
    },
    {
      "name": "<:quick_dps:1176639849156051014> Quick DPS",
      "requiredParticipants": 1
    },
    {
      "name": "<:alac_healer:1176639815282856017> Heal Alacrity (Tank + G3)",
      "requiredParticipants": 1
    },
    {
      "name": "◻️ Quick DPS (Tank @ SH)",
      "requiredParticipants": 1
    },
    {
      "name": "💚 Heal Alacrity (Pusher + Kiter + G2)",
      "requiredParticipants": 1
    }
  ],
  "duration": 3
}